tip_name,genus,ncbi_genus_id,ncbi_family_id,ncbi_family_name,superfamily,subsection,infraorder,suborder
Apiocera_160270,Apiocera,160270,50678Ê,Apioceridae,Asiloidea,NA,Asilomorpha,Brachycera
Philonicus_247567,Philonicus,247567,50673,Asilidae,Asiloidea,NA,Asilomorpha,Brachycera
Dioctria_468720,Dioctria,468720,50673,Asilidae,Asiloidea,NA,Asilomorpha,Brachycera
Promachus_247552,Promachus,247552,50673,Asilidae,Asiloidea,NA,Asilomorpha,Brachycera
Machimus_247604,Machimus,247604,50673,Asilidae,Asiloidea,NA,Asilomorpha,Brachycera
Lasiopogon_219536,Lasiopogon,219536,50673,Asilidae,Asiloidea,NA,Asilomorpha,Brachycera
Pamponerus_1717601,Pamponerus,1717601,50673,Asilidae,Asiloidea,NA,Muscomorpha,Brachycera
Laphria_50683,Laphria,50683,50673,Asilidae,Asiloidea,NA,Muscomorpha,Brachycera
Mallophora_270862,Mallophora,270862,50673,Asilidae,Asiloidea,NA,Muscomorpha,Brachycera
Systoechus_1690390,Systoechus,1690390,50674,Bombyliidae,Asiloidea,NA,Muscomorpha,Brachycera
Bombylius_219362,Bombylius,219362,50674,Bombyliidae,Asiloidea,NA,Muscomorpha,Brachycera
Anthrax_117078,Anthrax,117078,50674,Bombyliidae,Asiloidea,NA,Muscomorpha,Brachycera
Ligyra_117088,Ligyra,117088,50674,Bombyliidae,Asiloidea,NA,Muscomorpha,Brachycera
Mydas_186100,Mydas,186100,50677,Mydidae,Asiloidea,NA,Muscomorpha,Brachycera
Scenopinus_247599,Scenopinus,247599,50675,Scenopinidae,Asiloidea,NA,Muscomorpha,Brachycera
Thereva_95078,Thereva,95078,50676,Therevidae,Asiloidea,NA,Muscomorpha,Brachycera
Dolichopus_192427,Dolichopus,192427,92558,Dolichopodidae,Empidoidea,NA,Muscomorpha,Brachycera
Medetera_377527,Medetera,377527,92558,Dolichopodidae,Empidoidea,NA,Muscomorpha,Brachycera
Rhaphium_377528,Rhaphium,377528,92558,Dolichopodidae,Empidoidea,NA,Muscomorpha,Brachycera
Rhamphomyia_192612,Rhamphomyia,192612,92557,Empididae,Empidoidea,NA,Muscomorpha,Brachycera
Neoplasta_192640,Neoplasta,192640,92557,Empididae,Empidoidea,NA,Muscomorpha,Brachycera
Phyllodromia_1209097,Phyllodromia,1209097,92557,Empididae,Empidoidea,NA,Muscomorpha,Brachycera
Chelifera_369889,Chelifera,369889,92557,Empididae,Empidoidea,NA,Muscomorpha,Brachycera
Wiedemannia_240904,Wiedemannia,240904,92557,Empididae,Empidoidea,NA,Muscomorpha,Brachycera
Clinocera_192484,Clinocera,192484,92557,Empididae,Empidoidea,NA,Muscomorpha,Brachycera
Metachela_369884,Metachela,369884,92557,Empididae,Empidoidea,NA,Muscomorpha,Brachycera
Ocnaea_210271,Ocnaea,210271,92616,Acroceridae,Nemestrinoidea,NA,Muscomorpha,Brachycera
Ogcodes_188257,Ogcodes,188257,92616,Acroceridae,Nemestrinoidea,NA,Muscomorpha,Brachycera
Eulonchus_210230,Eulonchus,210230,92616,Acroceridae,Nemestrinoidea,NA,Muscomorpha,Brachycera
Acrocera_210245,Acrocera,210245,92616,Acroceridae,Nemestrinoidea,NA,Muscomorpha,Brachycera
Astomella_210239,Astomella,210239,92616,Acroceridae,Nemestrinoidea,NA,Muscomorpha,Brachycera
Exetasis_1932988,Exetasis,1932988,92616,Acroceridae,Nemestrinoidea,NA,Muscomorpha,Brachycera
Pterodontia_210267,Pterodontia,210267,92616,Acroceridae,Nemestrinoidea,NA,Muscomorpha,Brachycera
Hirmoneura_388531,Hirmoneura,388531,92615,Nemestrinidae,Nemestrinoidea,NA,Muscomorpha,Brachycera
Neorhynchocephalus_259248,Neorhynchocephalus,259248,92615,Nemestrinidae,Nemestrinoidea,NA,Muscomorpha,Brachycera
Procanace_1262322,Procanace,1262322,1262362,Canacidae,Carnoidea,NA,Muscomorpha,Brachycera
Calamoncosis_540852,Calamoncosis,540852,29032,Chloropidae,Carnoidea,NA,Muscomorpha,Brachycera
Thaumatomyia_333800,Thaumatomyia,333800,29032,Chloropidae,Carnoidea,NA,Muscomorpha,Brachycera
Incertella_540867,Incertella,540867,29032,Chloropidae,Carnoidea,NA,Muscomorpha,Brachycera
Gaurax_540862,Gaurax,540862,29032,Chloropidae,Carnoidea,NA,Muscomorpha,Brachycera
Cetema_540891,Cetema,540891,29032,Chloropidae,Carnoidea,NA,Muscomorpha,Brachycera
Chlorops_540892,Chlorops,540892,29032,Chloropidae,Carnoidea,NA,Muscomorpha,Brachycera
Aphanotrigonum_540849,Aphanotrigonum,540849,29032,Chloropidae,Carnoidea,NA,Muscomorpha,Brachycera
Elachiptera_540858,Elachiptera,540858,29032,Chloropidae,Carnoidea,NA,Muscomorpha,Brachycera
Epichlorops_540897,Epichlorops,540897,29032,Chloropidae,Carnoidea,NA,Muscomorpha,Brachycera
Lipara_540870,Lipara,540870,29032,Chloropidae,Carnoidea,NA,Muscomorpha,Brachycera
Cryptonevra_1616778,Cryptonevra,1616778,29032,Chloropidae,Carnoidea,NA,Muscomorpha,Brachycera
Hippelates_540866,Hippelates,540866,29032,Chloropidae,Carnoidea,NA,Muscomorpha,Brachycera
Tricimba_540889,Tricimba,540889,29032,Chloropidae,Carnoidea,NA,Muscomorpha,Brachycera
Cryptochetum_1262333,Cryptochetum,1262333,1262357,Cryptochetidae,Carnoidea,NA,Muscomorpha,Brachycera
Desmometopa_305587,Desmometopa,305587,305559,Milichiidae,Carnoidea,NA,Muscomorpha,Brachycera
Leptometopa_1720790,Leptometopa,1720790,305559,Milichiidae,Carnoidea,NA,Muscomorpha,Brachycera
Pholeomyia_1720804,Pholeomyia,1720804,305559,Milichiidae,Carnoidea,NA,Muscomorpha,Brachycera
Milichiella_1890919,Milichiella,1890919,305559,Milichiidae,Carnoidea,NA,Muscomorpha,Brachycera
Physocephala_198643,Physocephala,198643,115263,Conopidae,Conopoidea,NA,Muscomorpha,Brachycera
Thecophora_305546,Thecophora,305546,115263,Conopidae,Conopoidea,NA,Muscomorpha,Brachycera
Sicus_1219203,Sicus,1219203,115263,Conopidae,Conopoidea,NA,Muscomorpha,Brachycera
Zodion_768804,Zodion,768804,115263,Conopidae,Conopoidea,NA,Muscomorpha,Brachycera
Sphyracephala_139674,Sphyracephala,139674,139644,Diopsidae,Diopsoidea,NA,Muscomorpha,Brachycera
Diasemopsis_139652,Diasemopsis,139652,139644,Diopsidae,Diopsoidea,NA,Muscomorpha,Brachycera
Diopsis_139667,Diopsis,139667,139644,Diopsidae,Diopsoidea,NA,Muscomorpha,Brachycera
Psila_305548,Psila,305548,34683,Psilidae,Diopsoidea,NA,Muscomorpha,Brachycera
Chyliza_716634,Chyliza,716634,34683,Psilidae,Diopsoidea,NA,Muscomorpha,Brachycera
Loxocera_34684,Loxocera,34684,34683,Psilidae,Diopsoidea,NA,Muscomorpha,Brachycera
Tanypeza_1692486,Tanypeza,1692486,286514,Tanypezidae,Diopsoidea,NA,Muscomorpha,Brachycera
Curtonotum_1262296,Curtonotum,1262296,48989,Curtonotidae,Ephydroidea,NA,Muscomorpha,Brachycera
Leucophenga_7329,Leucophenga,7329,7214,Drosophilidae,Ephydroidea,NA,Muscomorpha,Brachycera
Drosophila_7215,Drosophila,7215,7214,Drosophilidae,Ephydroidea,NA,Muscomorpha,Brachycera
Zygothrica_504731,Zygothrica,504731,7214,Drosophilidae,Ephydroidea,NA,Muscomorpha,Brachycera
Stegana_188292,Stegana,188292,7214,Drosophilidae,Ephydroidea,NA,Muscomorpha,Brachycera
Scaptomyza_7298,Scaptomyza,7298,7214,Drosophilidae,Ephydroidea,NA,Muscomorpha,Brachycera
Chymomyza_7292,Chymomyza,7292,7214,Drosophilidae,Ephydroidea,NA,Muscomorpha,Brachycera
Cacoxenus_462273,Cacoxenus,462273,7214,Drosophilidae,Ephydroidea,NA,Muscomorpha,Brachycera
Zaprionus_7296,Zaprionus,7296,7214,Drosophilidae,Ephydroidea,NA,Muscomorpha,Brachycera
Acletoxenus_462271,Acletoxenus,462271,7214,Drosophilidae,Ephydroidea,NA,Muscomorpha,Brachycera
Scaptodrosophila_7354,Scaptodrosophila,7354,7214,Drosophilidae,Ephydroidea,NA,Muscomorpha,Brachycera
Hydrellia_92591,Hydrellia,92591,48991,Ephydridae,Ephydroidea,NA,Muscomorpha,Brachycera
Nostima_1473719,Nostima,1473719,48991,Ephydridae,Ephydroidea,NA,Muscomorpha,Brachycera
Scatophila_1763968,Scatophila,1763968,48991,Ephydridae,Ephydroidea,NA,Muscomorpha,Brachycera
Pelina_1086796,Pelina,1086796,48991,Ephydridae,Ephydroidea,NA,Muscomorpha,Brachycera
Ephydra_504564,Ephydra,504564,48991,Ephydridae,Ephydroidea,NA,Muscomorpha,Brachycera
Scatella_305595,Scatella,305595,48991,Ephydridae,Ephydroidea,NA,Muscomorpha,Brachycera
Glossina_7393,Glossina,7393,7392,Glossinidae,Hippoboscoidea,NA,Muscomorpha,Brachycera
Ornithophila_1497392,Ornithophila,1497392,81710,Hippoboscidae,Hippoboscoidea,NA,Muscomorpha,Brachycera
Hippobosca_452745,Hippobosca,452745,81710,Hippoboscidae,Hippoboscoidea,NA,Muscomorpha,Brachycera
Crataerina_452743,Crataerina,452743,81710,Hippoboscidae,Hippoboscoidea,NA,Muscomorpha,Brachycera
Lipoptena_170902,Lipoptena,170902,81710,Hippoboscidae,Hippoboscoidea,NA,Muscomorpha,Brachycera
Olfersia_1333310,Olfersia,1333310,81710,Hippoboscidae,Hippoboscoidea,NA,Muscomorpha,Brachycera
Melophagus_452748,Melophagus,452748,81710,Hippoboscidae,Hippoboscoidea,NA,Muscomorpha,Brachycera
Icosta_402409,Icosta,402409,81710,Hippoboscidae,Hippoboscoidea,NA,Muscomorpha,Brachycera
Basilia_170889,Basilia,170889,81707,Nycteribiidae,Hippoboscoidea,NA,Muscomorpha,Brachycera
Penicillidia_81721,Penicillidia,81721,81707,Nycteribiidae,Hippoboscoidea,NA,Muscomorpha,Brachycera
Nycteribia_633884,Nycteribia,633884,81707,Nycteribiidae,Hippoboscoidea,NA,Muscomorpha,Brachycera
Celyphus_1979294,Celyphus,1979294,189957,Celyphidae,Lauxanioidea,NA,Muscomorpha,Brachycera
Spaniocelyphus_1262326,Spaniocelyphus,1262326,189957,Celyphidae,Lauxanioidea,NA,Muscomorpha,Brachycera
Leucopis_1728826,Leucopis,1728826,189958,Chamaemyiidae,Lauxanioidea,NA,Muscomorpha,Brachycera
Chamaemyia_305621,Chamaemyia,305621,189958,Chamaemyiidae,Lauxanioidea,NA,Muscomorpha,Brachycera
Parochthiphila_1262282,Parochthiphila,1262282,189958,Chamaemyiidae,Lauxanioidea,NA,Muscomorpha,Brachycera
Homoneura_1692452,Homoneura,1692452,189929,Lauxaniidae,Lauxanioidea,NA,Muscomorpha,Brachycera
Aulogastromyia_1824990,Aulogastromyia,1824990,189929,Lauxaniidae,Lauxanioidea,NA,Muscomorpha,Brachycera
Tricholauxania_192459,Tricholauxania,192459,189929,Lauxaniidae,Lauxanioidea,NA,Muscomorpha,Brachycera
Phorbia_1993534,Phorbia,1993534,30062,Anthomyiidae,Muscoidea,NA,Muscomorpha,Brachycera
Egle_411076,Egle,411076,30062,Anthomyiidae,Muscoidea,NA,Muscomorpha,Brachycera
Lasiomma_95464,Lasiomma,95464,30062,Anthomyiidae,Muscoidea,NA,Muscomorpha,Brachycera
Alliopsis_1692454,Alliopsis,1692454,30062,Anthomyiidae,Muscoidea,NA,Muscomorpha,Brachycera
Fucellia_205683,Fucellia,205683,30062,Anthomyiidae,Muscoidea,NA,Muscomorpha,Brachycera
Pegomya_559697,Pegomya,559697,30062,Anthomyiidae,Muscoidea,NA,Muscomorpha,Brachycera
Paregle_559693,Paregle,559693,30062,Anthomyiidae,Muscoidea,NA,Muscomorpha,Brachycera
Chiastocheta_129251,Chiastocheta,129251,30062,Anthomyiidae,Muscoidea,NA,Muscomorpha,Brachycera
Chirosia_392044,Chirosia,392044,30062,Anthomyiidae,Muscoidea,NA,Muscomorpha,Brachycera
Pegohylemyia_1887308,Pegohylemyia,1887308,30062,Anthomyiidae,Muscoidea,NA,Muscomorpha,Brachycera
Delia_30063,Delia,30063,30062,Anthomyiidae,Muscoidea,NA,Muscomorpha,Brachycera
Hylemya_253328,Hylemya,253328,30062,Anthomyiidae,Muscoidea,NA,Muscomorpha,Brachycera
Anthomyia_259845,Anthomyia,259845,30062,Anthomyiidae,Muscoidea,NA,Muscomorpha,Brachycera
Fannia_95468,Fannia,95468,27471,Fanniidae,Muscoidea,NA,Muscomorpha,Brachycera
Euryomma_1650677,Euryomma,1650677,27471,Fanniidae,Muscoidea,NA,Muscomorpha,Brachycera
Phaonia_253431,Phaonia,253431,7366,Muscidae,Muscoidea,NA,Muscomorpha,Brachycera
Morellia_253340,Morellia,253340,7366,Muscidae,Muscoidea,NA,Muscomorpha,Brachycera
Musca_7369,Musca,7369,7366,Muscidae,Muscoidea,NA,Muscomorpha,Brachycera
Philornis_253427,Philornis,253427,7366,Muscidae,Muscoidea,NA,Muscomorpha,Brachycera
Passeromyia_1511687,Passeromyia,1511687,7366,Muscidae,Muscoidea,NA,Muscomorpha,Brachycera
Myospila_520040,Myospila,520040,7366,Muscidae,Muscoidea,NA,Muscomorpha,Brachycera
Eginia_1511678,Eginia,1511678,7366,Muscidae,Muscoidea,NA,Muscomorpha,Brachycera
Haematobosca_559680,Haematobosca,559680,7366,Muscidae,Muscoidea,NA,Muscomorpha,Brachycera
Graphomya_1072499,Graphomya,1072499,7366,Muscidae,Muscoidea,NA,Muscomorpha,Brachycera
Limnophora_307207,Limnophora,307207,7366,Muscidae,Muscoidea,NA,Muscomorpha,Brachycera
Potamia_559704,Potamia,559704,7366,Muscidae,Muscoidea,NA,Muscomorpha,Brachycera
Mesembrina_116147,Mesembrina,116147,7366,Muscidae,Muscoidea,NA,Muscomorpha,Brachycera
Polietes_559702,Polietes,559702,7366,Muscidae,Muscoidea,NA,Muscomorpha,Brachycera
Hebecnema_559682,Hebecnema,559682,7366,Muscidae,Muscoidea,NA,Muscomorpha,Brachycera
Atherigona_305597,Atherigona,305597,7366,Muscidae,Muscoidea,NA,Muscomorpha,Brachycera
Neomyia_305607,Neomyia,305607,7366,Muscidae,Muscoidea,NA,Muscomorpha,Brachycera
Muscina_57892,Muscina,57892,7366,Muscidae,Muscoidea,NA,Muscomorpha,Brachycera
Orthacheta_113181,Orthacheta,113181,43756,Scathophagidae,Muscoidea,NA,Muscomorpha,Brachycera
Scathophaga_95462,Scathophaga,95462,43756,Scathophagidae,Muscoidea,NA,Muscomorpha,Brachycera
Cleigastra_113167,Cleigastra,113167,43756,Scathophagidae,Muscoidea,NA,Muscomorpha,Brachycera
Cordilura_113132,Cordilura,113132,43756,Scathophagidae,Muscoidea,NA,Muscomorpha,Brachycera
Hydromyza_113174,Hydromyza,113174,43756,Scathophagidae,Muscoidea,NA,Muscomorpha,Brachycera
Norellia_113119,Norellia,113119,43756,Scathophagidae,Muscoidea,NA,Muscomorpha,Brachycera
Mimegralla_115300,Mimegralla,115300,115293,Micropezidae,Nerioidea,NA,Muscomorpha,Brachycera
Micropeza_1572561,Micropeza,1572561,115293,Micropezidae,Nerioidea,NA,Muscomorpha,Brachycera
Compsobata_286452,Compsobata,286452,115293,Micropezidae,Nerioidea,NA,Muscomorpha,Brachycera
Calobata_1820059,Calobata,1820059,115293,Micropezidae,Nerioidea,NA,Muscomorpha,Brachycera
Odontoloxozus_588320,Odontoloxozus,588320,115298,Neriidae,Nerioidea,NA,Muscomorpha,Brachycera
Telostylinus_1262347,Telostylinus,1262347,115298,Neriidae,Nerioidea,NA,Muscomorpha,Brachycera
Compsomyiops_142897,Compsomyiops,142897,7371,Calliphoridae,Oestroidea,NA,Muscomorpha,Brachycera
Lucilia_7374,Lucilia,7374,7371,Calliphoridae,Oestroidea,NA,Muscomorpha,Brachycera
Paralucilia_1042205,Paralucilia,1042205,7371,Calliphoridae,Oestroidea,NA,Muscomorpha,Brachycera
Trypocalliphora_1042207,Trypocalliphora,1042207,7371,Calliphoridae,Oestroidea,NA,Muscomorpha,Brachycera
Cordylobia_226131,Cordylobia,226131,7371,Calliphoridae,Oestroidea,NA,Muscomorpha,Brachycera
Calliphora_7372,Calliphora,7372,7371,Calliphoridae,Oestroidea,NA,Muscomorpha,Brachycera
Chrysomya_45449,Chrysomya,45449,7371,Calliphoridae,Oestroidea,NA,Muscomorpha,Brachycera
Protocalliphora_142901,Protocalliphora,142901,7371,Calliphoridae,Oestroidea,NA,Muscomorpha,Brachycera
Auchmeromyia_226129,Auchmeromyia,226129,7371,Calliphoridae,Oestroidea,NA,Muscomorpha,Brachycera
Hemilucilia_416848,Hemilucilia,416848,7371,Calliphoridae,Oestroidea,NA,Muscomorpha,Brachycera
Sarconesia_670650,Sarconesia,670650,7371,Calliphoridae,Oestroidea,NA,Muscomorpha,Brachycera
Amenia_2086281,Amenia,2086281,7371,Calliphoridae,Oestroidea,NA,Muscomorpha,Brachycera
Melinda_170907,Melinda,170907,7371,Calliphoridae,Oestroidea,NA,Muscomorpha,Brachycera
Hemigymnochaeta_1240433,Hemigymnochaeta,1240433,7371,Calliphoridae,Oestroidea,NA,Muscomorpha,Brachycera
Laneella_1658054,Laneella,1658054,7371,Mesembrinellidae,Oestroidea,NA,Muscomorpha,Brachycera
Eumesembrinella_672472,Mesembrinella,672472,7371,Mesembrinellidae,Oestroidea,NA,Muscomorpha,Brachycera
Mesembrinella_460529,Mesembrinella,460529,7371,Mesembrinellidae,Oestroidea,NA,Muscomorpha,Brachycera
Huascaromusca_1609532,Mesembrinella,1609532,7371,Mesembrinellidae,Oestroidea,NA,Muscomorpha,Brachycera
Mystacinobia_81694,Mystacinobia,81694,43757,Mystacinobiidae,Oestroidea,NA,Muscomorpha,Brachycera
Oestrus_123736,Oestrus,123736,7387,Oestridae,Oestroidea,NA,Muscomorpha,Brachycera
Cuterebra_170896,Cuterebra,170896,7387,Oestridae,Oestroidea,NA,Muscomorpha,Brachycera
Dermatobia_115426,Dermatobia,115426,7387,Oestridae,Oestroidea,NA,Muscomorpha,Brachycera
Oestromyia_170913,Oestromyia,170913,7387,Oestridae,Oestroidea,NA,Muscomorpha,Brachycera
Przhevalskiana_123746,Przhevalskiana,123746,7387,Oestridae,Oestroidea,NA,Muscomorpha,Brachycera
Rhinoestrus_204922,Rhinoestrus,204922,7387,Oestridae,Oestroidea,NA,Muscomorpha,Brachycera
Cephenemyia_170894,Cephenemyia,170894,7387,Oestridae,Oestroidea,NA,Muscomorpha,Brachycera
Hypoderma_7388,Hypoderma,7388,7387,Oestridae,Oestroidea,NA,Muscomorpha,Brachycera
Pollenia_229639,Pollenia,229639,54279,Polleniidae,Oestroidea,NA,Muscomorpha,Brachycera
Rhyncomya_670621,Rhyncomya,670621,1902070,Rhiniidae,Oestroidea,NA,Muscomorpha,Brachycera
Idiella_1902146,Idiella,1902146,1902070,Rhiniidae,Oestroidea,NA,Muscomorpha,Brachycera
Stevenia_670627,Stevenia,670627,43758,Rhinophoridae,Oestroidea,NA,Muscomorpha,Brachycera
Paykullia_559695,Paykullia,559695,43758,Rhinophoridae,Oestroidea,NA,Muscomorpha,Brachycera
Phyto_1262320,Phyto,1262320,43758,Rhinophoridae,Oestroidea,NA,Muscomorpha,Brachycera
Rhinophora_670625,Rhinophora,670625,43758,Rhinophoridae,Oestroidea,NA,Muscomorpha,Brachycera
Tricogena_1606792,Tricogena,1606792,43758,Rhinophoridae,Oestroidea,NA,Muscomorpha,Brachycera
Melanophora_1606787,Melanophora,1606787,43758,Rhinophoridae,Oestroidea,NA,Muscomorpha,Brachycera
Sarcophaga_7384,Sarcophaga,7384,7381,Sarcophagidae,Oestroidea,NA,Muscomorpha,Brachycera
Sphecapatoclea_2021595,Sphecapatoclea,2021595,7381,Sarcophagidae,Oestroidea,NA,Muscomorpha,Brachycera
Blaesoxipha_128953,Blaesoxipha,128953,7381,Sarcophagidae,Oestroidea,NA,Muscomorpha,Brachycera
Craticulina_2021509,Craticulina,2021509,7381,Sarcophagidae,Oestroidea,NA,Muscomorpha,Brachycera
Wohlfahrtia_128961,Wohlfahrtia,128961,7381,Sarcophagidae,Oestroidea,NA,Muscomorpha,Brachycera
Miltogramma_670602,Miltogramma,670602,7381,Sarcophagidae,Oestroidea,NA,Muscomorpha,Brachycera
Sphecapatodes_2021536,Sphecapatodes,2021536,7381,Sarcophagidae,Oestroidea,NA,Muscomorpha,Brachycera
Phytomyptera_179785,Phytomyptera,179785,27474,Tachinidae,Oestroidea,NA,Muscomorpha,Brachycera
Neaera_695903,Neaera,695903,27474,Tachinidae,Oestroidea,NA,Muscomorpha,Brachycera
Parasetigena_380521,Parasetigena,380521,27474,Tachinidae,Oestroidea,NA,Muscomorpha,Brachycera
Leschenaultia_179486,Leschenaultia,179486,27474,Tachinidae,Oestroidea,NA,Muscomorpha,Brachycera
Estheria_1918238,Estheria,1918238,27474,Tachinidae,Oestroidea,NA,Muscomorpha,Brachycera
Exorista_113238,Exorista,113238,27474,Tachinidae,Oestroidea,NA,Muscomorpha,Brachycera
Billaea_701468,Billaea,701468,27474,Tachinidae,Oestroidea,NA,Muscomorpha,Brachycera
Blepharomyia_179434,Blepharomyia,179434,27474,Tachinidae,Oestroidea,NA,Muscomorpha,Brachycera
Prosena_1918293,Prosena,1918293,27474,Tachinidae,Oestroidea,NA,Muscomorpha,Brachycera
Elomyia_1562792,Elomya,1562792,27474,Tachinidae,Oestroidea,NA,Muscomorpha,Brachycera
Dinera_569035,Dinera,569035,27474,Tachinidae,Oestroidea,NA,Muscomorpha,Brachycera
Clausicella_1718822,Clausicella,1718822,27474,Tachinidae,Oestroidea,NA,Muscomorpha,Brachycera
Lydella_283929,Lydella,283929,27474,Tachinidae,Oestroidea,NA,Muscomorpha,Brachycera
Blondelia_179437,Blondelia,179437,27474,Tachinidae,Oestroidea,NA,Muscomorpha,Brachycera
Mintho_1918277,Mintho,1918277,27474,Tachinidae,Oestroidea,NA,Muscomorpha,Brachycera
Ectophasia_569037,Ectophasia,569037,27474,Tachinidae,Oestroidea,NA,Muscomorpha,Brachycera
Drino_179459,Drino,179459,27474,Tachinidae,Oestroidea,NA,Muscomorpha,Brachycera
Senotainia_179787,Senotainia,179787,27474,Tachinidae,Oestroidea,NA,Muscomorpha,Brachycera
Cyrtophleba_991141,Cyrtophleba,991141,27474,Tachinidae,Oestroidea,NA,Muscomorpha,Brachycera
Archytas_198637,Archytas,198637,27474,Tachinidae,Oestroidea,NA,Muscomorpha,Brachycera
Cleonice_1918224,Cleonice,1918224,27474,Tachinidae,Oestroidea,NA,Muscomorpha,Brachycera
Zaira_179789,Zaira,179789,27474,Tachinidae,Oestroidea,NA,Muscomorpha,Brachycera
Dexia_569033,Dexia,569033,27474,Tachinidae,Oestroidea,NA,Muscomorpha,Brachycera
Glaurocara_2027854,Glaurocara,2027854,27474,Tachinidae,Oestroidea,NA,Muscomorpha,Brachycera
Ateloglossa_1890907,Ateloglossa,1890907,27474,Tachinidae,Oestroidea,NA,Muscomorpha,Brachycera
Acemya_1677647,Acemya,1677647,27474,Tachinidae,Oestroidea,NA,Muscomorpha,Brachycera
Macquartia_1918266,Macquartia,1918266,27474,Tachinidae,Oestroidea,NA,Muscomorpha,Brachycera
Phryxe_569079,Phryxe,569079,27474,Tachinidae,Oestroidea,NA,Muscomorpha,Brachycera
Sturmia_569089,Sturmia,569089,27474,Tachinidae,Oestroidea,NA,Muscomorpha,Brachycera
Vibrissina_179525,Vibrissina,179525,27474,Tachinidae,Oestroidea,NA,Muscomorpha,Brachycera
Pseudoperichaeta_283931,Pseudoperichaeta,283931,27474,Tachinidae,Oestroidea,NA,Muscomorpha,Brachycera
Anthomyiopsis_1918198,Anthomyiopsis,1918198,27474,Tachinidae,Oestroidea,NA,Muscomorpha,Brachycera
Nemoraea_170911,Nemoraea,170911,27474,Tachinidae,Oestroidea,NA,Muscomorpha,Brachycera
Phytomyza_132616,Phytomyza,132616,127399,Agromyzidae,Opomyzoidea,NA,Muscomorpha,Brachycera
Liriomyza_127403,Liriomyza,127403,127399,Agromyzidae,Opomyzoidea,NA,Muscomorpha,Brachycera
Phytobia_414304,Phytobia,414304,127399,Agromyzidae,Opomyzoidea,NA,Muscomorpha,Brachycera
Calycomyza_414293,Calycomyza,414293,127399,Agromyzidae,Opomyzoidea,NA,Muscomorpha,Brachycera
Melanagromyza_286470,Melanagromyza,286470,127399,Agromyzidae,Opomyzoidea,NA,Muscomorpha,Brachycera
Japanagromyza_414298,Japanagromyza,414298,127399,Agromyzidae,Opomyzoidea,NA,Muscomorpha,Brachycera
Cerodontha_127401,Cerodontha,127401,127399,Agromyzidae,Opomyzoidea,NA,Muscomorpha,Brachycera
Ophiomyia_341050,Ophiomyia,341050,127399,Agromyzidae,Opomyzoidea,NA,Muscomorpha,Brachycera
Agromyza_414290,Agromyza,414290,127399,Agromyzidae,Opomyzoidea,NA,Muscomorpha,Brachycera
Stiphrosoma_500293,Stiphrosoma,500293,286478,Anthomyzidae,Opomyzoidea,NA,Muscomorpha,Brachycera
Paranthomyza_500298,Paranthomyza,500298,286478,Anthomyzidae,Opomyzoidea,NA,Muscomorpha,Brachycera
Quametopia_1603285,Quametopia,1603285,286478,Anthomyzidae,Opomyzoidea,NA,Muscomorpha,Brachycera
Sobarocephala_574054,Sobarocephala,574054,286472,Clusiidae,Opomyzoidea,NA,Muscomorpha,Brachycera
Clusia_574057,Clusia,574057,286472,Clusiidae,Opomyzoidea,NA,Muscomorpha,Brachycera
Clusiodes_500306,Clusiodes,500306,286472,Clusiidae,Opomyzoidea,NA,Muscomorpha,Brachycera
Fergusonina_156411,Fergusonina,156411,156410,Fergusoninidae,Opomyzoidea,NA,Muscomorpha,Brachycera
Neurochaeta_716624,Neurochaeta,716624,286482,Neurochaetidae,Opomyzoidea,NA,Muscomorpha,Brachycera
Odinia_414302,Odinia,414302,286474,Odiniidae,Opomyzoidea,NA,Muscomorpha,Brachycera
Geomyza_305619,Geomyza,305619,286476,Opomyzidae,Opomyzoidea,NA,Muscomorpha,Brachycera
Opomyza_716643,Opomyza,716643,286476,Opomyzidae,Opomyzoidea,NA,Muscomorpha,Brachycera
Stenomicra_716630,Stenomicra,716630,286480,Periscelididae,Opomyzoidea,NA,Muscomorpha,Brachycera
Periscelis_716628,Periscelis,716628,286481,Periscelididae,Opomyzoidea,NA,Muscomorpha,Brachycera
Teratomyzidae,NA,NA,286483,Teratomyzidae,Opomyzoidea,NA,Muscomorpha,Brachycera
Lonchoptera_92595,Lonchoptera,92595,43826,Lonchopteridae,Platypezoidea,NA,Muscomorpha,Brachycera
Borophaga_712093,Borophaga,712093,36164,Phoridae,Platypezoidea,NA,Muscomorpha,Brachycera
Apocephalus_117252,Apocephalus,117252,36164,Phoridae,Platypezoidea,NA,Muscomorpha,Brachycera
Triphleba_92553,Triphleba,92553,36164,Phoridae,Platypezoidea,NA,Muscomorpha,Brachycera
Diplonevra_92534,Diplonevra,92534,36164,Phoridae,Platypezoidea,NA,Muscomorpha,Brachycera
Hypocera_940227,Hypocera,940227,36164,Phoridae,Platypezoidea,NA,Muscomorpha,Brachycera
Megaselia_36165,Megaselia,36165,36164,Phoridae,Platypezoidea,NA,Muscomorpha,Brachycera
Anevrina_92526,Anevrina,92526,36164,Phoridae,Platypezoidea,NA,Muscomorpha,Brachycera
Agathomyia_226141,Agathomyia,226141,43827,Platypezidae,Platypezoidea,NA,Muscomorpha,Brachycera
Bertamyia_1445832,Bertamyia,1445832,43827,Platypezidae,Platypezoidea,NA,Muscomorpha,Brachycera
Paraplatypeza_192442,Paraplatypeza,192442,43827,Platypezidae,Platypezoidea,NA,Muscomorpha,Brachycera
Kesselimyia_1445844,Kesselimyia,1445844,43827,Platypezidae,Platypezoidea,NA,Muscomorpha,Brachycera
Polyporivora_1445854,Polyporivora,1445854,43827,Platypezidae,Platypezoidea,NA,Muscomorpha,Brachycera
Callomyia_712098,Callomyia,712098,43827,Platypezidae,Platypezoidea,NA,Muscomorpha,Brachycera
Platypeza_289241,Platypeza,289241,43827,Platypezidae,Platypezoidea,NA,Muscomorpha,Brachycera
Sciadocera_192453,Sciadocera,192453,43828,Sciadoceridae,Platypezoidea,NA,Muscomorpha,Brachycera
Coelopa_169466,Coelopa,169466,169440,Coelopidae,Sciomyzoidea,NA,Muscomorpha,Brachycera
Dryomyza_169444,Dryomyza,169444,169441,Dryomyzidae,Sciomyzoidea,NA,Muscomorpha,Brachycera
Oedoparena_1262316,Oedoparena,1262316,169441,Dryomyzidae,Sciomyzoidea,NA,Muscomorpha,Brachycera
Helcomyza_169476,Helcomyza,169476,169443,Helcomyzidae,Sciomyzoidea,NA,Muscomorpha,Brachycera
Helosciomyzidae,NA,NA,NA,Helosciomyzidae,Sciomyzoidea,NA,Muscomorpha,Brachycera
Heterocheila_169481,Heterocheila,169481,169478,Heterocheilidae,Sciomyzoidea,NA,Muscomorpha,Brachycera
Ilione_1096072,Ilione,1096072,169447,Sciomyzidae,Sciomyzoidea,NA,Muscomorpha,Brachycera
Sciomyza_320936,Sciomyza,320936,169447,Sciomyzidae,Sciomyzoidea,NA,Muscomorpha,Brachycera
Sepedon_320954,Sepedon,320954,169447,Sciomyzidae,Sciomyzoidea,NA,Muscomorpha,Brachycera
Hedria_320941,Hedria,320941,169447,Sciomyzidae,Sciomyzoidea,NA,Muscomorpha,Brachycera
Neolimnia_1262312,Neolimnia,1262312,169447,Sciomyzidae,Sciomyzoidea,NA,Muscomorpha,Brachycera
Tetanocera_320959,Tetanocera,320959,169447,Sciomyzidae,Sciomyzoidea,NA,Muscomorpha,Brachycera
Psacadina_1096078,Psacadina,1096078,169447,Sciomyzidae,Sciomyzoidea,NA,Muscomorpha,Brachycera
Dictya_1096051,Dictya,1096051,169447,Sciomyzidae,Sciomyzoidea,NA,Muscomorpha,Brachycera
Coremacera_1226614,Coremacera,1226614,169447,Sciomyzidae,Sciomyzoidea,NA,Muscomorpha,Brachycera
Pteromicra_1226622,Pteromicra,1226622,169447,Sciomyzidae,Sciomyzoidea,NA,Muscomorpha,Brachycera
Anticheta_1096047,Anticheta,1096047,169447,Sciomyzidae,Sciomyzoidea,NA,Muscomorpha,Brachycera
Pelidnoptera_1096074,Pelidnoptera,1096074,169447,Sciomyzidae,Sciomyzoidea,NA,Muscomorpha,Brachycera
Elgiva_320938,Elgiva,NA,NA,Sciomyzidae,Sciomyzoidea,NA,Muscomorpha,Brachycera
Sepsis_137507,Sepsis,137507,137503,Sepsidae,Sciomyzoidea,NA,Muscomorpha,Brachycera
Themira_292396,Themira,292396,137503,Sepsidae,Sciomyzoidea,NA,Muscomorpha,Brachycera
Scoliocentra_1823605,Scoliocentra,1823605,219548,Heleomyzidae,Sphaeroceroidea,NA,Muscomorpha,Brachycera
Neossos_2268121,Neossos,2268121,219548,Heleomyzidae,Sphaeroceroidea,NA,Muscomorpha,Brachycera
Leptocera_1614654,Leptocera,1614654,114620,Sphaeroceridae,Sphaeroceroidea,NA,Muscomorpha,Brachycera
Copromyza_1217530,Copromyza,1217530,114620,Sphaeroceridae,Sphaeroceroidea,NA,Muscomorpha,Brachycera
Verrallia_115333,Verrallia,115333,43835,Pipunculidae,Syrphoidea,NA,Muscomorpha,Brachycera
Nephrocerus_115303,Nephrocerus,115303,43835,Pipunculidae,Syrphoidea,NA,Muscomorpha,Brachycera
Chalarus_115250,Chalarus,115250,43835,Pipunculidae,Syrphoidea,NA,Muscomorpha,Brachycera
Pipunculus_240898,Pipunculus,240898,43835,Pipunculidae,Syrphoidea,NA,Muscomorpha,Brachycera
Hammerschmidtia_226171,Hammerschmidtia,226171,34680,Syrphidae,Syrphoidea,NA,Muscomorpha,Brachycera
Paragus_115308,Paragus,115308,34680,Syrphidae,Syrphoidea,NA,Muscomorpha,Brachycera
Brachyopa_1637464,Brachyopa,1637464,34680,Syrphidae,Syrphoidea,NA,Muscomorpha,Brachycera
Eupeodes_290403,Eupeodes,290403,34680,Syrphidae,Syrphoidea,NA,Muscomorpha,Brachycera
Blera_226146,Blera,226146,34680,Syrphidae,Syrphoidea,NA,Muscomorpha,Brachycera
Copestylum_511142,Copestylum,511142,34680,Syrphidae,Syrphoidea,NA,Muscomorpha,Brachycera
Scaeva_219538,Scaeva,219538,34680,Syrphidae,Syrphoidea,NA,Muscomorpha,Brachycera
Eumerus_224220,Eumerus,224220,34680,Syrphidae,Syrphoidea,NA,Muscomorpha,Brachycera
Syrphus_224255,Syrphus,224255,34680,Syrphidae,Syrphoidea,NA,Muscomorpha,Brachycera
Ornidia_994473,Ornidia,994473,34680,Syrphidae,Syrphoidea,NA,Muscomorpha,Brachycera
Volucella_226148,Volucella,226148,34680,Syrphidae,Syrphoidea,NA,Muscomorpha,Brachycera
Melangyna_414825,Melangyna,414825,34680,Syrphidae,Syrphoidea,NA,Muscomorpha,Brachycera
Syritta_34681,Syritta,34681,34680,Syrphidae,Syrphoidea,NA,Muscomorpha,Brachycera
Ocyptamus_369855,Ocyptamus,369855,34680,Syrphidae,Syrphoidea,NA,Muscomorpha,Brachycera
Cheilosia_173981,Cheilosia,173981,34680,Syrphidae,Syrphoidea,NA,Muscomorpha,Brachycera
Chrysogaster_224248,Chrysogaster,224248,34680,Syrphidae,Syrphoidea,NA,Muscomorpha,Brachycera
Microdon_115291,Microdon,115291,34680,Syrphidae,Syrphoidea,NA,Muscomorpha,Brachycera
Toxomerus_115327,Toxomerus,115327,34680,Syrphidae,Syrphoidea,NA,Muscomorpha,Brachycera
Sphaerophoria_226179,Sphaerophoria,226179,34680,Syrphidae,Syrphoidea,NA,Muscomorpha,Brachycera
Merodon_224226,Merodon,224226,34680,Syrphidae,Syrphoidea,NA,Muscomorpha,Brachycera
Pipiza_221788,Pipiza,221788,34680,Syrphidae,Syrphoidea,NA,Muscomorpha,Brachycera
Epistrophe_414810,Epistrophe,414810,34680,Syrphidae,Syrphoidea,NA,Muscomorpha,Brachycera
Temnostoma_226164,Temnostoma,226164,34680,Syrphidae,Syrphoidea,NA,Muscomorpha,Brachycera
Eriozona_414724,Eriozona,414724,34680,Syrphidae,Syrphoidea,NA,Muscomorpha,Brachycera
Myolepta_1473716,Myolepta,1473716,34680,Syrphidae,Syrphoidea,NA,Muscomorpha,Brachycera
Neoascia_224222,Neoascia,224222,34680,Syrphidae,Syrphoidea,NA,Muscomorpha,Brachycera
Callicera_228567,Callicera,228567,34680,Syrphidae,Syrphoidea,NA,Muscomorpha,Brachycera
Eristalis_198633,Eristalis,198633,34680,Syrphidae,Syrphoidea,NA,Muscomorpha,Brachycera
Xanthogramma_414873,Xanthogramma,414873,34680,Syrphidae,Syrphoidea,NA,Muscomorpha,Brachycera
Ctenostylidae,NA,NA,1262363,Ctenostylidae,Tephritoidea,NA,Muscomorpha,Brachycera
Lamprolonchaea_907706,Lamprolonchaea,907706,198645,Lonchaeidae,Tephritoidea,NA,Muscomorpha,Brachycera
Lonchaea_198649,Lonchaea,198649,198645,Lonchaeidae,Tephritoidea,NA,Muscomorpha,Brachycera
Dasiops_286456,Dasiops,286456,198645,Lonchaeidae,Tephritoidea,NA,Muscomorpha,Brachycera
Silba_198646,Silba,198646,198645,Lonchaeidae,Tephritoidea,NA,Muscomorpha,Brachycera
Palloptera_286498,Palloptera,286498,286447,Pallopteridae,Tephritoidea,NA,Muscomorpha,Brachycera
Piophila_53709,Piophila,53709,28629,Piophilidae,Tephritoidea,NA,Muscomorpha,Brachycera
Centrophlebomyia_1603419,Centrophlebomyia,1603419,28629,Piophilidae,Tephritoidea,NA,Muscomorpha,Brachycera
Liopiophila_1603421,Liopiophila,1603421,28629,Piophilidae,Tephritoidea,NA,Muscomorpha,Brachycera
Lasiopiophila_1790233,Lasiopiophila,1790233,28629,Piophilidae,Tephritoidea,NA,Muscomorpha,Brachycera
Rivellia_28633,Rivellia,28633,28632,Platystomatidae,Tephritoidea,NA,Muscomorpha,Brachycera
Platystoma_286504,Platystoma,286504,28632,Platystomatidae,Tephritoidea,NA,Muscomorpha,Brachycera
Scholastes_1902237,Scholastes,1902237,28632,Platystomatidae,Tephritoidea,NA,Muscomorpha,Brachycera
Rhagoletis_28609,Rhagoletis,28609,7211,Tephritidae,Tephritoidea,NA,Muscomorpha,Brachycera
Ceratitis_7212,Ceratitis,7212,7211,Tephritidae,Tephritoidea,NA,Muscomorpha,Brachycera
Bactrocera_27456,Bactrocera,27456,7211,Tephritidae,Tephritoidea,NA,Muscomorpha,Brachycera
Tephritis_43386,Tephritis,43386,7211,Tephritidae,Tephritoidea,NA,Muscomorpha,Brachycera
Eurosta_28593,Eurosta,28593,7211,Tephritidae,Tephritoidea,NA,Muscomorpha,Brachycera
Noeeta_381362,Noeeta,381362,7211,Tephritidae,Tephritoidea,NA,Muscomorpha,Brachycera
Trupanea_30060,Trupanea,30060,7211,Tephritidae,Tephritoidea,NA,Muscomorpha,Brachycera
Paracantha_164885,Paracantha,164885,7211,Tephritidae,Tephritoidea,NA,Muscomorpha,Brachycera
Terellia_28615,Terellia,28615,7211,Tephritidae,Tephritoidea,NA,Muscomorpha,Brachycera
Xyphosia_381372,Xyphosia,381372,7211,Tephritidae,Tephritoidea,NA,Muscomorpha,Brachycera
Anastrepha_28585,Anastrepha,28585,7211,Tephritidae,Tephritoidea,NA,Muscomorpha,Brachycera
Jamesomyia_28601,Jamesomyia,28601,7211,Tephritidae,Tephritoidea,NA,Muscomorpha,Brachycera
Urophora_28620,Urophora,28620,7211,Tephritidae,Tephritoidea,NA,Muscomorpha,Brachycera
Euleia_28591,Euleia,28591,7211,Tephritidae,Tephritoidea,NA,Muscomorpha,Brachycera
Icterica_28599,Icterica,28599,7211,Tephritidae,Tephritoidea,NA,Muscomorpha,Brachycera
Zonosemata_28622,Zonosemata,28622,7211,Tephritidae,Tephritoidea,NA,Muscomorpha,Brachycera
Oxyna_381365,Oxyna,381365,7211,Tephritidae,Tephritoidea,NA,Muscomorpha,Brachycera
Gymnocarena_28597,Gymnocarena,28597,7211,Tephritidae,Tephritoidea,NA,Muscomorpha,Brachycera
Delphinia_43369,Delphinia,43369,43848,Ulidiidae,Tephritoidea,NA,Muscomorpha,Brachycera
Chaetopsis_240871,Chaetopsis,240871,43848,Ulidiidae,Tephritoidea,NA,Muscomorpha,Brachycera
Tetanops_454640,Tetanops,454640,43848,Ulidiidae,Tephritoidea,NA,Muscomorpha,Brachycera
Euxesta_286468,Euxesta,286468,43848,Ulidiidae,Tephritoidea,NA,Muscomorpha,Brachycera
Oxycera_860348,Oxycera,860348,34687,Stratiomyidae,NA,NA,Stratiomyomorpha,Brachycera
Neopachygaster_1692469,Neopachygaster,1692469,34687,Stratiomyidae,NA,NA,Stratiomyomorpha,Brachycera
Odontomyia_343652,Odontomyia,343652,34687,Stratiomyidae,NA,NA,Stratiomyomorpha,Brachycera
Chloromyia_343649,Chloromyia,343649,34687,Stratiomyidae,NA,NA,Stratiomyomorpha,Brachycera
Berkshiria_2061012,Berkshiria,2061012,34687,Stratiomyidae,NA,NA,Stratiomyomorpha,Brachycera
Stratiomys_219520,Stratiomys,219520,34687,Stratiomyidae,NA,NA,Stratiomyomorpha,Brachycera
Sargus_343647,Sargus,343647,34687,Stratiomyidae,NA,NA,Stratiomyomorpha,Brachycera
Ptecticus_343648,Ptecticus,343648,34687,Stratiomyidae,NA,NA,Stratiomyomorpha,Brachycera
Oplodontha_446504,Oplodontha,446504,34687,Stratiomyidae,NA,NA,Stratiomyomorpha,Brachycera
Nemotelus_343582,Nemotelus,343582,34687,Stratiomyidae,NA,NA,Stratiomyomorpha,Brachycera
Microchrysa_931517,Microchrysa,931517,34687,Stratiomyidae,NA,NA,Stratiomyomorpha,Brachycera
Pachygaster_124321,Pachygaster,124321,34687,Stratiomyidae,NA,NA,Stratiomyomorpha,Brachycera
Hermetia_343581,Hermetia,343581,34687,Stratiomyidae,NA,NA,Stratiomyomorpha,Brachycera
Zabrachia_1891525,Zabrachia,1891525,34687,Stratiomyidae,NA,NA,Stratiomyomorpha,Brachycera
Vermileo_124333,Vermileo,124333,124314,Vermileonidae,NA,NA,Tabanomorpha,Brachycera
Atherix_124299,Atherix,124299,92611,Athericidae,Tabanoidea,NA,Tabanomorpha,Brachycera
Oreoleptis_1262318,Oreoleptis,1262318,1262364,Oreoleptidae,Tabanoidea,NA,Tabanomorpha,Brachycera
Glutops_124309,Glutops,124309,92610,Pelecorhynchidae,Tabanoidea,NA,Tabanomorpha,Brachycera
Ptiolina_124325,Ptiolina,124325,92609,Rhagionidae,Tabanoidea,NA,Tabanomorpha,Brachycera
Rhagio_124327,Rhagio,124327,92609,Rhagionidae,Tabanoidea,NA,Tabanomorpha,Brachycera
Esenbeckia_124297,Esenbeckia,124297,7205,Tabanidae,Tabanoidea,NA,Tabanomorpha,Brachycera
Hybomitra_124690,Hybomitra,124690,7205,Tabanidae,Tabanoidea,NA,Tabanomorpha,Brachycera
Fidena_1334907,Fidena,1334907,7205,Tabanidae,Tabanoidea,NA,Tabanomorpha,Brachycera
Apatolestes_428062,Apatolestes,428062,7205,Tabanidae,Tabanoidea,NA,Tabanomorpha,Brachycera
Catachlorops_1547373,Catachlorops,1547373,7205,Tabanidae,Tabanoidea,NA,Tabanomorpha,Brachycera
Silvius_415257,Silvius,415257,7205,Tabanidae,Tabanoidea,NA,Tabanomorpha,Brachycera
Atylotus_1310336,Atylotus,1310336,7205,Tabanidae,Tabanoidea,NA,Tabanomorpha,Brachycera
Haematopota_124311,Haematopota,124311,7205,Tabanidae,Tabanoidea,NA,Tabanomorpha,Brachycera
Stenotabanus_1547430,Stenotabanus,1547430,7205,Tabanidae,Tabanoidea,NA,Tabanomorpha,Brachycera
Leucotabanus_1969939,Leucotabanus,1969939,7205,Tabanidae,Tabanoidea,NA,Tabanomorpha,Brachycera
Chrysops_27458,Chrysops,27458,7205,Tabanidae,Tabanoidea,NA,Tabanomorpha,Brachycera
Tabanus_7206,Tabanus,7206,7205,Tabanidae,Tabanoidea,NA,Tabanomorpha,Brachycera
Bolbodimyia_1547386,Bolbodimyia,1547386,7205,Tabanidae,Tabanoidea,NA,Tabanomorpha,Brachycera
Goniops_428065,Goniops,428065,7205,Tabanidae,Tabanoidea,NA,Tabanomorpha,Brachycera
Pantophthalmus_124295,Pantophthalmus,124295,92614,Pantophthalmidae,NA,NA,Xylophagomorpha,Brachycera
Xylophagus_219493,Xylophagus,219493,92613,Xylophagidae,NA,NA,Xylophagomorpha,Brachycera
Exeretonevra_560723,Exeretonevra,560723,92613,Xylophagidae,NA,NA,Xylophagomorpha,Brachycera
Coenomyia_124305,Coenomyia,124305,92613,Xylophagidae,NA,NA,Xylophagomorpha,Brachycera
Axymyia_560715,Axymyia,560715,560733,Axymyiidae,NA,NA,Axymyiomorpha,Nematocera
Dilophus_52733,Dilophus,52733,52729,Bibionidae,Bibionoidea,NA,Bibionomorpha,Nematocera
Plecia_1260898,Plecia,1260898,52729,Bibionidae,Bibionoidea,NA,Bibionomorpha,Nematocera
Bibio_189978,Bibio,189978,52729,Bibionidae,Bibionoidea,NA,Bibionomorpha,Nematocera
Penthetria_560770,Penthetria,560770,560818,Bibionidae,Bibionoidea,NA,Bibionomorpha,Nematocera
Hesperinus_1086788,Hesperinus,1086788,1086799,Hesperinidae,Bibionoidea,NA,Bibionomorpha,Nematocera
Cramptonomyia_209688,Cramptonomyia,209688,209687,Pachyneuridae,Pachyneuroidea,NA,Bibionomorpha,Nematocera
Pachyneura_1588165,Pachyneura,1588165,209687,Pachyneuridae,Pachyneuroidea,NA,Bibionomorpha,Nematocera
Scatopse_1520324,Scatopse,1520324,52749,Scatopsidae,Scatopsoidea,NA,Bibionomorpha,Nematocera
Coboldia_170624,Coboldia,170624,52749,Scatopsidae,Scatopsoidea,NA,Bibionomorpha,Nematocera
Contarinia_153220,Contarinia,153220,33406,Cecidomyiidae,Sciaroidea,NA,Bibionomorpha,Nematocera
Sitodiplosis_263139,Sitodiplosis,263139,33406,Cecidomyiidae,Sciaroidea,NA,Bibionomorpha,Nematocera
Aprionus_1819779,Aprionus,1819779,33406,Cecidomyiidae,Sciaroidea,NA,Bibionomorpha,Nematocera
Piceacecis_2597495,Piceacecis,2597495,33406,Cecidomyiidae,Sciaroidea,NA,Bibionomorpha,Nematocera
Lasioptera_201413,Lasioptera,201413,33406,Cecidomyiidae,Sciaroidea,NA,Bibionomorpha,Nematocera
Peromyia_1914937,Peromyia,1914937,33406,Cecidomyiidae,Sciaroidea,NA,Bibionomorpha,Nematocera
Cecidomyia_1543682,Cecidomyia,1543682,33406,Cecidomyiidae,Sciaroidea,NA,Bibionomorpha,Nematocera
Dasineura_240745,Dasineura,240745,33406,Cecidomyiidae,Sciaroidea,NA,Bibionomorpha,Nematocera
Asphondylia_153012,Asphondylia,153012,33406,Cecidomyiidae,Sciaroidea,NA,Bibionomorpha,Nematocera
Winnertzia_2338641,Winnertzia,2338641,33406,Cecidomyiidae,Sciaroidea,NA,Bibionomorpha,Nematocera
Aphidoletes_95971,Aphidoletes,95971,33406,Cecidomyiidae,Sciaroidea,NA,Bibionomorpha,Nematocera
Diadocidia_560721,Diadocidia,560721,560752,Diadocidiidae,Sciaroidea,NA,Bibionomorpha,Nematocera
Ditomyia_1520322,Ditomyia,1520322,1520330,Ditomyiidae,Sciaroidea,NA,Bibionomorpha,Nematocera
Orfelia_270890,Orfelia,270890,58254,Keroplatidae,Sciaroidea,NA,Bibionomorpha,Nematocera
Macrocera_608727,Macrocera,608727,58254,Keroplatidae,Sciaroidea,NA,Bibionomorpha,Nematocera
Bolitophila_52718,Bolitophila,52718,29035,Bolitophilidae,Sciaroidea,NA,Bibionomorpha,Nematocera
Brachypeza_2326774,Brachypeza,2326774,29035,Mycetophilidae,Sciaroidea,NA,Bibionomorpha,Nematocera
Trichonta_397122,Trichonta,397122,29035,Mycetophilidae,Sciaroidea,NA,Bibionomorpha,Nematocera
Mycetophila_397146,Mycetophila,397146,29035,Mycetophilidae,Sciaroidea,NA,Bibionomorpha,Nematocera
Neoempheria_608686,Neoempheria,608686,29035,Mycetophilidae,Sciaroidea,NA,Bibionomorpha,Nematocera
Symmerus_560780,Symmerus,560780,29035,Mycetophilidae,Sciaroidea,NA,Bibionomorpha,Nematocera
Mycomya_608706,Mycomya,608706,29035,Mycetophilidae,Sciaroidea,NA,Bibionomorpha,Nematocera
Sciophila_1085959,Sciophila,1085959,29035,Mycetophilidae,Sciaroidea,NA,Bibionomorpha,Nematocera
Phronia_397119,Phronia,397119,29035,Mycetophilidae,Sciaroidea,NA,Bibionomorpha,Nematocera
Exechia_397139,Exechia,397139,29035,Mycetophilidae,Sciaroidea,NA,Bibionomorpha,Nematocera
Epicypta_397117,Epicypta,397117,29035,Mycetophilidae,Sciaroidea,NA,Bibionomorpha,Nematocera
Leptomorphus_560729,Leptomorphus,560729,29035,Mycetophilidae,Sciaroidea,NA,Bibionomorpha,Nematocera
Bradysia_35571,Bradysia,35571,7184,Sciaridae,Sciaroidea,NA,Bibionomorpha,Nematocera
Corynoptera_1260849,Corynoptera,1260849,7184,Sciaridae,Sciaroidea,NA,Bibionomorpha,Nematocera
Sciara_82677,Sciara,82677,7184,Sciaridae,Sciaroidea,NA,Bibionomorpha,Nematocera
Blepharicera_547808,Blepharicera,547808,174624,Blephariceridae,Blephariceroidea,NA,Blephariceromorpha,Nematocera
Liponeura_446516,Liponeura,446516,174624,Blephariceridae,Blephariceroidea,NA,Blephariceromorpha,Nematocera
Deuterophlebia_560719,Deuterophlebia,560719,560751,Deuterophlebiidae,Blephariceroidea,NA,Blephariceromorpha,Nematocera
Nymphomyia_560766,Nymphomyia,560766,560809,Nymphomyiidae,Nymphomyioidea,NA,Blephariceromorpha,Nematocera
Atrichopogon_209702,Atrichopogon,209702,41819,Ceratopogonidae,Chironomoidea,NA,Culicomorpha,Nematocera
Forcipomyia_209700,Forcipomyia,209700,41819,Ceratopogonidae,Chironomoidea,NA,Culicomorpha,Nematocera
Austroconops_209696,Austroconops,209696,41819,Ceratopogonidae,Chironomoidea,NA,Culicomorpha,Nematocera
Palpomyia_1525500,Palpomyia,1525500,41819,Ceratopogonidae,Chironomoidea,NA,Culicomorpha,Nematocera
Sphaeromias_1874311,Sphaeromias,1874311,41819,Ceratopogonidae,Chironomoidea,NA,Culicomorpha,Nematocera
Dasyhelea_41822,Dasyhelea,41822,41819,Ceratopogonidae,Chironomoidea,NA,Culicomorpha,Nematocera
Culicoides_41820,Culicoides,41820,41819,Ceratopogonidae,Chironomoidea,NA,Culicomorpha,Nematocera
Serromyia_209716,Serromyia,209716,41819,Ceratopogonidae,Chironomoidea,NA,Culicomorpha,Nematocera
Gymnometriocnemus_611353,Gymnometriocnemus,611353,7149,Chironomidae,Chironomoidea,NA,Culicomorpha,Nematocera
Monodiamesa_891905,Monodiamesa,891905,7149,Chironomidae,Chironomoidea,NA,Culicomorpha,Nematocera
Smittia_315559,Smittia,315559,7149,Chironomidae,Chironomoidea,NA,Culicomorpha,Nematocera
Chironomus_7150,Chironomus,7150,7149,Chironomidae,Chironomoidea,NA,Culicomorpha,Nematocera
Aphroteniella_646259,Aphroteniella,646259,7149,Chironomidae,Chironomoidea,NA,Culicomorpha,Nematocera
Clunio_315556,Clunio,315556,7149,Chironomidae,Chironomoidea,NA,Culicomorpha,Nematocera
Tvetenia_611398,Tvetenia,611398,7149,Chironomidae,Chironomoidea,NA,Culicomorpha,Nematocera
Paraborniella_903459,Paraborniella,903459,7149,Chironomidae,Chironomoidea,NA,Culicomorpha,Nematocera
Parochlus_315560,Parochlus,315560,7149,Chironomidae,Chironomoidea,NA,Culicomorpha,Nematocera
Pseudosmittia_611382,Pseudosmittia,611382,7149,Chironomidae,Chironomoidea,NA,Culicomorpha,Nematocera
Ainuyusurika_1165747,Ainuyusurika,1165747,7149,Chironomidae,Chironomoidea,NA,Culicomorpha,Nematocera
Ablabesmyia_46216,Ablabesmyia,46216,7149,Chironomidae,Chironomoidea,NA,Culicomorpha,Nematocera
Psectrotanypus_903467,Psectrotanypus,903467,7149,Chironomidae,Chironomoidea,NA,Culicomorpha,Nematocera
Paucispinigera_903463,Paucispinigera,903463,7149,Chironomidae,Chironomoidea,NA,Culicomorpha,Nematocera
Eukiefferiella_288843,Eukiefferiella,288843,7149,Chironomidae,Chironomoidea,NA,Culicomorpha,Nematocera
Metriocnemus_137497,Metriocnemus,137497,7149,Chironomidae,Chironomoidea,NA,Culicomorpha,Nematocera
Pentaneura_891922,Pentaneura,891922,7149,Chironomidae,Chironomoidea,NA,Culicomorpha,Nematocera
Corynoneura_611344,Corynoneura,611344,7149,Chironomidae,Chironomoidea,NA,Culicomorpha,Nematocera
Simulium_7191,Simulium,7191,7190,Simuliidae,Chironomoidea,NA,Culicomorpha,Nematocera
Thaumalea_61068,Thaumalea,61068,41814,Thaumaleidae,Chironomoidea,NA,Culicomorpha,Nematocera
Austrothaumalea_1085085,Austrothaumalea,1085085,41814,Thaumaleidae,Chironomoidea,NA,Culicomorpha,Nematocera
Androprosopa_41815,Androprosopa,41815,41814,Thaumaleidae,Chironomoidea,NA,Culicomorpha,Nematocera
Mochlonyx_1577622,Mochlonyx,1577622,41811,Chaoboridae,Culicoidea,NA,Culicomorpha,Nematocera
Chaoborus_41812,Chaoborus,41812,41811,Chaoboridae,Culicoidea,NA,Culicomorpha,Nematocera
Anopheles_7164,Anopheles,7164,7157,Culicidae,Culicoidea,NA,Culicomorpha,Nematocera
Culex_7174,Culex,7174,7157,Culicidae,Culicoidea,NA,Culicomorpha,Nematocera
Culiseta_174825,Culiseta,174825,7157,Culicidae,Culicoidea,NA,Culicomorpha,Nematocera
Aedes_7158,Aedes,7158,7157,Culicidae,Culicoidea,NA,Culicomorpha,Nematocera
Dixa_79309,Dixa,79309,41824,Dixidae,Culicoidea,NA,Culicomorpha,Nematocera
Clogmia_85119,Clogmia,85119,7197,Psychodidae,Psychodoidea,NA,Psychodomorpha,Nematocera
Maruina_1144738,Maruina,1144738,7197,Psychodidae,Psychodoidea,NA,Psychodomorpha,Nematocera
Sycorax_114592,Sycorax,114592,7197,Psychodidae,Psychodoidea,NA,Psychodomorpha,Nematocera
Lutzomyia_7199,Lutzomyia,7199,7197,Psychodidae,Psychodoidea,NA,Psychodomorpha,Nematocera
Trichomyia_560271,Trichomyia,560271,7197,Psychodidae,Psychodoidea,NA,Psychodomorpha,Nematocera
Psychoda_7201,Psychoda,7201,7197,Psychodidae,Psychodoidea,NA,Psychodomorpha,Nematocera
Phlebotomus_13203,Phlebotomus,13203,7197,Psychodidae,Psychodoidea,NA,Psychodomorpha,Nematocera
Pericoma_1148481,Pericoma,1148481,7197,Psychodidae,Psychodoidea,NA,Psychodomorpha,Nematocera
Bittacomorpha_79307,Bittacomorpha,79307,79304,Ptychopteridae,NA,NA,Ptychopteromorpha,Nematocera
Ptychoptera_209691,Ptychoptera,209691,79304,Ptychopteridae,NA,NA,Ptychopteromorpha,Nematocera
Araucoderus_1549737,Araucoderus,1549737,79303,Tanyderidae,NA,NA,Ptychopteromorpha,Nematocera
Mischoderus_560267,Mischoderus,560267,79303,Tanyderidae,NA,NA,Ptychopteromorpha,Nematocera
Protoplasa_560776,Protoplasa,560776,79303,Tanyderidae,NA,NA,Ptychopteromorpha,Nematocera
Cylindrotoma_700834,Cylindrotoma,700834,702680,Cylindrotomidae,Tipuloidea,NA,Tipulomorpha,Nematocera
Liogma_560731,Liogma,560731,702680,Cylindrotomidae,Tipuloidea,NA,Tipulomorpha,Nematocera
Phalacrocera_2203737,Phalacrocera,2203737,702680,Cylindrotomidae,Tipuloidea,NA,Tipulomorpha,Nematocera
Antocha_454619,Antocha,454619,43823,Limoniidae,Tipuloidea,NA,Tipulomorpha,Nematocera
Limonia_52743,Limonia,52743,43823,Limoniidae,Tipuloidea,NA,Tipulomorpha,Nematocera
Gnophomyia_700845,Gnophomyia,700845,43823,Limoniidae,Tipuloidea,NA,Tipulomorpha,Nematocera
Metalimnobia_700851,Metalimnobia,700851,43823,Limoniidae,Tipuloidea,NA,Tipulomorpha,Nematocera
Dactylolabis_560717,Dactylolabis,560717,43823,Limoniidae,Tipuloidea,NA,Tipulomorpha,Nematocera
Pedicia_472374,Pedicia,472374,702679,Pediciidae,Tipuloidea,NA,Tipulomorpha,Nematocera
Dicranota_700836,Dicranota,700836,702679,Pediciidae,Tipuloidea,NA,Tipulomorpha,Nematocera
Tipula_41043,Tipula,41043,41042,Tipulidae,Tipuloidea,NA,Tipulomorpha,Nematocera
Tanyptera_2108371,Tanyptera,2108371,41042,Tipulidae,Tipuloidea,NA,Tipulomorpha,Nematocera
Dictenidia_2108369,Dictenidia,2108369,41042,Tipulidae,Tipuloidea,NA,Tipulomorpha,Nematocera
Ctenophora_516519,Ctenophora,516519,41042,Tipulidae,Tipuloidea,NA,Tipulomorpha,Nematocera
Prionocera_1690388,Prionocera,1690388,41042,Tipulidae,Tipuloidea,NA,Tipulomorpha,Nematocera
Trichocera_52759,Trichocera,52759,52747,Trichoceridae,Trichoceroidea,NA,Tipulomorpha,Nematocera